{
  "config": {
    "num_clients": 4,
    "num_rounds": 10,
    "client_epochs": 1,
    "client_ckpt": "distilbert-base-uncased",
    "client_lr": 5e-05,
    "data_path": "glue",
    "data_name": "cola"
  },
  "results": {
    "losses_distributed": [
      [
        1,
        0.01816578209400177
      ],
      [
        2,
        0.01693759486079216
      ],
      [
        3,
        0.01586805284023285
      ],
      [
        4,
        0.016674917191267014
      ],
      [
        5,
        0.01721036247909069
      ],
      [
        6,
        0.017849698662757874
      ],
      [
        7,
        0.019505813717842102
      ],
      [
        8,
        0.018831202760338783
      ],
      [
        9,
        0.021399030461907387
      ],
      [
        10,
        0.021916184574365616
      ]
    ],
    "losses_centralized": [],
    "metrics_distributed_fit": {},
    "metrics_distributed": {
      "accuracy": [
        [
          1,
          0.7018216682646213
        ],
        [
          2,
          0.7516778523489933
        ],
        [
          3,
          0.7775647171620326
        ],
        [
          4,
          0.7909875359539789
        ],
        [
          5,
          0.800575263662512
        ],
        [
          6,
          0.800575263662512
        ],
        [
          7,
          0.7976989453499521
        ],
        [
          8,
          0.8044103547459253
        ],
        [
          9,
          0.800575263662512
        ],
        [
          10,
          0.8015340364333653
        ]
      ]
    },
    "metrics_centralized": {}
  },
  "elapsed_time_secs": 110.87646629475057
}
