{
  "config": {
    "num_clients": 4,
    "num_rounds": 10,
    "client_epochs": 1,
    "client_ckpt": "distilbert-base-uncased",
    "client_lr": 5e-05,
    "data_path": "glue",
    "data_name": "sst2"
  },
  "results": {
    "losses_distributed": [
      [
        1,
        0.007578487973660231
      ],
      [
        2,
        0.007185234222561121
      ],
      [
        3,
        0.008338246494531631
      ],
      [
        4,
        0.0079035060480237
      ],
      [
        5,
        0.01000777818262577
      ],
      [
        6,
        0.009722049348056316
      ],
      [
        7,
        0.009707579389214516
      ],
      [
        8,
        0.009603048674762249
      ],
      [
        9,
        0.010420529171824455
      ],
      [
        10,
        0.01122615858912468
      ]
    ],
    "losses_centralized": [],
    "metrics_distributed_fit": {},
    "metrics_distributed": {
      "accuracy": [
        [
          1,
          0.8979357798165137
        ],
        [
          2,
          0.9013761467889908
        ],
        [
          3,
          0.908256880733945
        ],
        [
          4,
          0.9071100917431193
        ],
        [
          5,
          0.9002293577981652
        ],
        [
          6,
          0.908256880733945
        ],
        [
          7,
          0.904816513761468
        ],
        [
          8,
          0.9059633027522935
        ],
        [
          9,
          0.9071100917431193
        ],
        [
          10,
          0.9071100917431193
        ]
      ]
    },
    "metrics_centralized": {}
  },
  "elapsed_time_secs": 270.4777774680406
}
