{
  "config": {
    "num_clients": 4,
    "num_rounds": 10,
    "lora_r": 8,
    "client_epochs": 1,
    "teacher_pretrain_epochs": 0,
    "kd_epochs": 1,
    "teacher_ckpt": "results/model/bert-base-uncased_sst2-glue_5splits_4epochs/",
    "client_ckpt": "distilbert-base-uncased",
    "client_lr": 5e-05,
    "distill_lr": 5e-05,
    "rank": 0,
    "data_path": "glue",
    "data_name": "sst2"
  },
  "results": {
    "losses_distributed": [
      [
        1,
        0.010862777940928936
      ],
      [
        2,
        0.010086906142532825
      ],
      [
        3,
        0.009472670964896679
      ],
      [
        4,
        0.008831704966723919
      ],
      [
        5,
        0.009038335643708706
      ],
      [
        6,
        0.008916460908949375
      ],
      [
        7,
        0.008454868569970131
      ],
      [
        8,
        0.008864184841513634
      ],
      [
        9,
        0.009501819498836994
      ],
      [
        10,
        0.009113617241382599
      ]
    ],
    "losses_centralized": [
      [
        0,
        0.01566151607303171
      ],
      [
        1,
        0.00913911420048787
      ],
      [
        2,
        0.012452066192454701
      ],
      [
        3,
        0.010051582194437539
      ],
      [
        4,
        0.010053891705673768
      ],
      [
        5,
        0.011161609035873904
      ],
      [
        6,
        0.01070462221091767
      ],
      [
        7,
        0.012514279463217346
      ],
      [
        8,
        0.013808940208320498
      ],
      [
        9,
        0.013065888255902934
      ],
      [
        10,
        0.012085974838054918
      ]
    ],
    "metrics_distributed_fit": {},
    "metrics_distributed": {
      "accuracy": [
        [
          1,
          0.8371559633027523
        ],
        [
          2,
          0.8658256880733946
        ],
        [
          3,
          0.8772935779816514
        ],
        [
          4,
          0.8818807339449541
        ],
        [
          5,
          0.8922018348623854
        ],
        [
          6,
          0.8967889908256881
        ],
        [
          7,
          0.893348623853211
        ],
        [
          8,
          0.8956422018348624
        ],
        [
          9,
          0.8864678899082569
        ],
        [
          10,
          0.8922018348623854
        ]
      ]
    },
    "metrics_centralized": {
      "teacher_loss": [
        [
          0,
          0.008868418070017745
        ],
        [
          1,
          0.00741545016099827
        ],
        [
          2,
          0.01481722625092082
        ],
        [
          3,
          0.010630492988221963
        ],
        [
          4,
          0.011276078102853866
        ],
        [
          5,
          0.01328488241949486
        ],
        [
          6,
          0.012492783538518695
        ],
        [
          7,
          0.016573690279566365
        ],
        [
          8,
          0.018753695241901853
        ],
        [
          9,
          0.016629956662654877
        ],
        [
          10,
          0.015058332357829043
        ]
      ],
      "teacher_accuracy": [
        [
          0,
          0.9105504587155964
        ],
        [
          1,
          0.9151376146788991
        ],
        [
          2,
          0.8887614678899083
        ],
        [
          3,
          0.9059633027522935
        ],
        [
          4,
          0.8899082568807339
        ],
        [
          5,
          0.8956422018348624
        ],
        [
          6,
          0.875
        ],
        [
          7,
          0.8887614678899083
        ],
        [
          8,
          0.8830275229357798
        ],
        [
          9,
          0.8853211009174312
        ],
        [
          10,
          0.875
        ]
      ],
      "student_loss": [
        [
          0,
          0.022454614076045674
        ],
        [
          1,
          0.010862778239977468
        ],
        [
          2,
          0.010086906133988582
        ],
        [
          3,
          0.009472671400653113
        ],
        [
          4,
          0.00883170530849367
        ],
        [
          5,
          0.00903833565225295
        ],
        [
          6,
          0.008916460883316643
        ],
        [
          7,
          0.008454868646868325
        ],
        [
          8,
          0.008864185174739142
        ],
        [
          9,
          0.00950181984915099
        ],
        [
          10,
          0.009113617318280793
        ]
      ],
      "student_accuracy": [
        [
          0,
          0.4908256880733945
        ],
        [
          1,
          0.8371559633027523
        ],
        [
          2,
          0.8658256880733946
        ],
        [
          3,
          0.8772935779816514
        ],
        [
          4,
          0.8818807339449541
        ],
        [
          5,
          0.8922018348623854
        ],
        [
          6,
          0.8967889908256881
        ],
        [
          7,
          0.893348623853211
        ],
        [
          8,
          0.8956422018348624
        ],
        [
          9,
          0.8864678899082569
        ],
        [
          10,
          0.8922018348623854
        ]
      ]
    }
  },
  "elapsed_time_secs": 609.2854600278661
}