{
  "config": {
    "num_clients": 4,
    "num_rounds": 10,
    "lora_r": 32,
    "client_epochs": 1,
    "teacher_pretrain_epochs": 1,
    "kd_epochs": 1,
    "teacher_ckpt": "bert-base-uncased",
    "client_ckpt": "distilbert-base-uncased",
    "client_lr": 5e-05,
    "distill_lr": 5e-05,
    "rank": 0,
    "data_path": "glue",
    "data_name": "sst2"
  },
  "results": {
    "losses_distributed": [
      [
        1,
        0.010616402141749859
      ],
      [
        2,
        0.009546784684062004
      ],
      [
        3,
        0.008997886441648006
      ],
      [
        4,
        0.009099786169826984
      ],
      [
        5,
        0.008484386838972569
      ],
      [
        6,
        0.008783096447587013
      ],
      [
        7,
        0.009332563728094101
      ],
      [
        8,
        0.008999437093734741
      ],
      [
        9,
        0.009070608764886856
      ],
      [
        10,
        0.009286079555749893
      ]
    ],
    "losses_centralized": [
      [
        0,
        0.022296511286169017
      ],
      [
        1,
        0.009170089658230133
      ],
      [
        2,
        0.010183392494165023
      ],
      [
        3,
        0.011433241760717073
      ],
      [
        4,
        0.011635537733486214
      ],
      [
        5,
        0.01196053140762544
      ],
      [
        6,
        0.01197970176218163
      ],
      [
        7,
        0.01412338745532506
      ],
      [
        8,
        0.015526622334076519
      ],
      [
        9,
        0.014041698012829954
      ],
      [
        10,
        0.011188241599742837
      ]
    ],
    "metrics_distributed_fit": {},
    "metrics_distributed": {
      "accuracy": [
        [
          1,
          0.845183486238532
        ],
        [
          2,
          0.8681192660550459
        ],
        [
          3,
          0.8795871559633027
        ],
        [
          4,
          0.8876146788990825
        ],
        [
          5,
          0.8899082568807339
        ],
        [
          6,
          0.8910550458715596
        ],
        [
          7,
          0.8910550458715596
        ],
        [
          8,
          0.8910550458715596
        ],
        [
          9,
          0.8956422018348624
        ],
        [
          10,
          0.8864678899082569
        ]
      ]
    },
    "metrics_centralized": {
      "teacher_loss": [
        [
          0,
          0.022294781555276397
        ],
        [
          1,
          0.007723777149077676
        ],
        [
          2,
          0.010820000714391743
        ],
        [
          3,
          0.013868596849091556
        ],
        [
          4,
          0.01417128938258788
        ],
        [
          5,
          0.015436675771216461
        ],
        [
          6,
          0.015176307102408977
        ],
        [
          7,
          0.018914211379073627
        ],
        [
          8,
          0.022053807309546737
        ],
        [
          9,
          0.019012787662352513
        ],
        [
          10,
          0.013090403771899435
        ]
      ],
      "teacher_accuracy": [
        [
          0,
          0.48853211009174313
        ],
        [
          1,
          0.9071100917431193
        ],
        [
          2,
          0.8841743119266054
        ],
        [
          3,
          0.8887614678899083
        ],
        [
          4,
          0.8887614678899083
        ],
        [
          5,
          0.8784403669724771
        ],
        [
          6,
          0.8772935779816514
        ],
        [
          7,
          0.8841743119266054
        ],
        [
          8,
          0.8795871559633027
        ],
        [
          9,
          0.8623853211009175
        ],
        [
          10,
          0.8830275229357798
        ]
      ],
      "student_loss": [
        [
          0,
          0.022298241017061637
        ],
        [
          1,
          0.010616402167382591
        ],
        [
          2,
          0.009546784273938302
        ],
        [
          3,
          0.00899788667234259
        ],
        [
          4,
          0.009099786084384547
        ],
        [
          5,
          0.00848438704403442
        ],
        [
          6,
          0.008783096421954281
        ],
        [
          7,
          0.009332563531576493
        ],
        [
          8,
          0.0089994373586063
        ],
        [
          9,
          0.009070608363307397
        ],
        [
          10,
          0.009286079427586236
        ]
      ],
      "student_accuracy": [
        [
          0,
          0.4919724770642202
        ],
        [
          1,
          0.8451834862385321
        ],
        [
          2,
          0.8681192660550459
        ],
        [
          3,
          0.8795871559633027
        ],
        [
          4,
          0.8876146788990825
        ],
        [
          5,
          0.8899082568807339
        ],
        [
          6,
          0.8910550458715596
        ],
        [
          7,
          0.8910550458715596
        ],
        [
          8,
          0.8910550458715596
        ],
        [
          9,
          0.8956422018348624
        ],
        [
          10,
          0.8864678899082569
        ]
      ]
    }
  },
  "elapsed_time_secs": 945.0390725904144
}