{
  "config": {
    "num_clients": 4,
    "num_rounds": 10,
    "lora_r": 32,
    "client_epochs": 2,
    "teacher_pretrain_epochs": 1,
    "kd_epochs": 1,
    "teacher_ckpt": "results/model/bert-base-uncased_cola_20pct_5epochs/",
    "client_ckpt": "distilbert-base-uncased",
    "teacher_data_pct": 20,
    "client_lr": 5e-05,
    "distill_lr": 2e-05,
    "rank": 0,
    "data_path": "glue",
    "data_name": "cola"
  },
  "results": {
    "losses_distributed": [
      [
        1,
        0.019112931564450264
      ],
      [
        2,
        0.01824718713760376
      ],
      [
        3,
        0.017396023496985435
      ],
      [
        4,
        0.017213456332683563
      ],
      [
        5,
        0.017089104279875755
      ],
      [
        6,
        0.016926182433962822
      ],
      [
        7,
        0.016782090067863464
      ],
      [
        8,
        0.01662551611661911
      ],
      [
        9,
        0.01642710529267788
      ],
      [
        10,
        0.016178064048290253
      ]
    ],
    "losses_centralized": [
      [
        0,
        0.024842152791678163
      ],
      [
        1,
        0.018038005022508873
      ],
      [
        2,
        0.016924548219114342
      ],
      [
        3,
        0.0163837670136961
      ],
      [
        4,
        0.01650608328822018
      ],
      [
        5,
        0.01688244193078002
      ],
      [
        6,
        0.017282318723881807
      ],
      [
        7,
        0.017416036776191093
      ],
      [
        8,
        0.018380125784533935
      ],
      [
        9,
        0.018541401877199243
      ],
      [
        10,
        0.01985561858223303
      ]
    ],
    "metrics_distributed_fit": {},
    "metrics_distributed": {
      "accuracy": [
        [
          1,
          0.6912751677852349
        ],
        [
          2,
          0.6970278044103547
        ],
        [
          3,
          0.7401725790987536
        ],
        [
          4,
          0.7468839884947267
        ],
        [
          5,
          0.7593480345158198
        ],
        [
          6,
          0.7651006711409396
        ],
        [
          7,
          0.7622243528283796
        ],
        [
          8,
          0.7612655800575263
        ],
        [
          9,
          0.7612655800575263
        ],
        [
          10,
          0.7583892617449665
        ]
      ]
    },
    "metrics_centralized": {
      "teacher_loss": [
        [
          0,
          0.02823538168879049
        ],
        [
          1,
          0.016963078500211868
        ],
        [
          2,
          0.015601909643508787
        ],
        [
          3,
          0.015371511217960347
        ],
        [
          4,
          0.015798710065171452
        ],
        [
          5,
          0.01667578014065641
        ],
        [
          6,
          0.017638455851366055
        ],
        [
          7,
          0.018049982755890516
        ],
        [
          8,
          0.020134736245367695
        ],
        [
          9,
          0.020655698434932805
        ],
        [
          10,
          0.02353317265185391
        ]
      ],
      "teacher_accuracy": [
        [
          0,
          0.7785234899328859
        ],
        [
          1,
          0.7660594439117929
        ],
        [
          2,
          0.7679769894534996
        ],
        [
          3,
          0.7737296260786194
        ],
        [
          4,
          0.7689357622243528
        ],
        [
          5,
          0.7698945349952061
        ],
        [
          6,
          0.7651006711409396
        ],
        [
          7,
          0.7813998082454459
        ],
        [
          8,
          0.7670182166826462
        ],
        [
          9,
          0.7718120805369127
        ],
        [
          10,
          0.7670182166826462
        ]
      ],
      "student_loss": [
        [
          0,
          0.021448923894565836
        ],
        [
          1,
          0.019112931544805877
        ],
        [
          2,
          0.018247186794719896
        ],
        [
          3,
          0.017396022809431855
        ],
        [
          4,
          0.017213456511268908
        ],
        [
          5,
          0.017089103720903626
        ],
        [
          6,
          0.016926181596397555
        ],
        [
          7,
          0.01678209079649167
        ],
        [
          8,
          0.016625515323700178
        ],
        [
          9,
          0.01642710531946568
        ],
        [
          10,
          0.01617806451261215
        ]
      ],
      "student_accuracy": [
        [
          0,
          0.6903163950143816
        ],
        [
          1,
          0.6912751677852349
        ],
        [
          2,
          0.6970278044103547
        ],
        [
          3,
          0.7401725790987536
        ],
        [
          4,
          0.7468839884947267
        ],
        [
          5,
          0.7593480345158198
        ],
        [
          6,
          0.7651006711409396
        ],
        [
          7,
          0.7622243528283796
        ],
        [
          8,
          0.7612655800575263
        ],
        [
          9,
          0.7612655800575263
        ],
        [
          10,
          0.7583892617449665
        ]
      ]
    }
  },
  "elapsed_time_secs": 145.90119997086003
}