{
  "config": {
    "num_clients": 4,
    "num_rounds": 10,
    "lora_r": 8,
    "client_epochs": 2,
    "teacher_pretrain_epochs": 1,
    "kd_epochs": 1,
    "teacher_ckpt": "results/model/bert-base-uncased_cola_20pct_5epochs/",
    "client_ckpt": "distilbert-base-uncased",
    "teacher_data_pct": 20,
    "client_lr": 5e-05,
    "distill_lr": 2e-05,
    "rank": 0,
    "data_path": "glue",
    "data_name": "cola"
  },
  "results": {
    "losses_distributed": [
      [
        1,
        0.019106708467006683
      ],
      [
        2,
        0.018335456028580666
      ],
      [
        3,
        0.017332717776298523
      ],
      [
        4,
        0.01706836186349392
      ],
      [
        5,
        0.01704077608883381
      ],
      [
        6,
        0.016842687502503395
      ],
      [
        7,
        0.016626011580228806
      ],
      [
        8,
        0.016383416950702667
      ],
      [
        9,
        0.016234878450632095
      ],
      [
        10,
        0.01623423397541046
      ]
    ],
    "losses_centralized": [
      [
        0,
        0.02468118579095642
      ],
      [
        1,
        0.017822517144600016
      ],
      [
        2,
        0.017182411549189633
      ],
      [
        3,
        0.016586232748264776
      ],
      [
        4,
        0.016852997800590665
      ],
      [
        5,
        0.017606032353291005
      ],
      [
        6,
        0.017772346177814334
      ],
      [
        7,
        0.018245655896851107
      ],
      [
        8,
        0.01872305165036927
      ],
      [
        9,
        0.019390501974870238
      ],
      [
        10,
        0.019837641174175483
      ]
    ],
    "metrics_distributed_fit": {},
    "metrics_distributed": {
      "accuracy": [
        [
          1,
          0.6912751677852349
        ],
        [
          2,
          0.6960690316395014
        ],
        [
          3,
          0.7411313518696069
        ],
        [
          4,
          0.75071907957814
        ],
        [
          5,
          0.7603068072866731
        ],
        [
          6,
          0.7593480345158198
        ],
        [
          7,
          0.7593480345158198
        ],
        [
          8,
          0.7583892617449665
        ],
        [
          9,
          0.763183125599233
        ],
        [
          10,
          0.7641418983700863
        ]
      ]
    },
    "metrics_centralized": {
      "teacher_loss": [
        [
          0,
          0.02823538168879049
        ],
        [
          1,
          0.01653832508642173
        ],
        [
          2,
          0.01602936705372592
        ],
        [
          3,
          0.01583974807740172
        ],
        [
          4,
          0.016637633482310368
        ],
        [
          5,
          0.018171288351656035
        ],
        [
          6,
          0.018702004694184315
        ],
        [
          7,
          0.019865299774153463
        ],
        [
          8,
          0.02106268640003977
        ],
        [
          9,
          0.0225461246811875
        ],
        [
          10,
          0.023441048601529742
        ]
      ],
      "teacher_accuracy": [
        [
          0,
          0.7785234899328859
        ],
        [
          1,
          0.7574304889741131
        ],
        [
          2,
          0.7660594439117929
        ],
        [
          3,
          0.7622243528283796
        ],
        [
          4,
          0.7670182166826462
        ],
        [
          5,
          0.7660594439117929
        ],
        [
          6,
          0.7698945349952061
        ],
        [
          7,
          0.7612655800575263
        ],
        [
          8,
          0.7641418983700863
        ],
        [
          9,
          0.7555129434324065
        ],
        [
          10,
          0.7670182166826462
        ]
      ],
      "student_loss": [
        [
          0,
          0.02112698989312235
        ],
        [
          1,
          0.019106709202778304
        ],
        [
          2,
          0.018335456044653347
        ],
        [
          3,
          0.017332717419127834
        ],
        [
          4,
          0.017068362118870962
        ],
        [
          5,
          0.017040776354925975
        ],
        [
          6,
          0.016842687661444353
        ],
        [
          7,
          0.016626012019548754
        ],
        [
          8,
          0.01638341690069877
        ],
        [
          9,
          0.016234879268552976
        ],
        [
          10,
          0.01623423374682122
        ]
      ],
      "student_accuracy": [
        [
          0,
          0.6912751677852349
        ],
        [
          1,
          0.6912751677852349
        ],
        [
          2,
          0.6960690316395014
        ],
        [
          3,
          0.7411313518696069
        ],
        [
          4,
          0.75071907957814
        ],
        [
          5,
          0.7603068072866731
        ],
        [
          6,
          0.7593480345158198
        ],
        [
          7,
          0.7593480345158198
        ],
        [
          8,
          0.7583892617449665
        ],
        [
          9,
          0.763183125599233
        ],
        [
          10,
          0.7641418983700863
        ]
      ]
    }
  },
  "elapsed_time_secs": 145.6548460307531
}