{
  "config": {
    "num_clients": 4,
    "num_rounds": 10,
    "lora_r": 16,
    "client_epochs": 2,
    "teacher_pretrain_epochs": 1,
    "kd_epochs": 1,
    "teacher_ckpt": "results/model/bert-base-uncased_cola_20pct_5epochs/",
    "client_ckpt": "distilbert-base-uncased",
    "teacher_data_pct": 20,
    "client_lr": 5e-05,
    "distill_lr": 2e-05,
    "rank": 0,
    "data_path": "glue",
    "data_name": "cola"
  },
  "results": {
    "losses_distributed": [
      [
        1,
        0.01907370425760746
      ],
      [
        2,
        0.01811794564127922
      ],
      [
        3,
        0.017245443537831306
      ],
      [
        4,
        0.017078403383493423
      ],
      [
        5,
        0.016946248710155487
      ],
      [
        6,
        0.016719266772270203
      ],
      [
        7,
        0.016463249921798706
      ],
      [
        8,
        0.016353430226445198
      ],
      [
        9,
        0.016212699934840202
      ],
      [
        10,
        0.016139958053827286
      ]
    ],
    "losses_centralized": [
      [
        0,
        0.02471813172716308
      ],
      [
        1,
        0.018002168772776085
      ],
      [
        2,
        0.017306692405377917
      ],
      [
        3,
        0.016340231828298687
      ],
      [
        4,
        0.01646310664634805
      ],
      [
        5,
        0.016838343051455963
      ],
      [
        6,
        0.01704289974182244
      ],
      [
        7,
        0.017052798591775612
      ],
      [
        8,
        0.0181575331494055
      ],
      [
        9,
        0.01825416928884053
      ],
      [
        10,
        0.018359656875179806
      ]
    ],
    "metrics_distributed_fit": {},
    "metrics_distributed": {
      "accuracy": [
        [
          1,
          0.6912751677852349
        ],
        [
          2,
          0.7018216682646213
        ],
        [
          3,
          0.7449664429530202
        ],
        [
          4,
          0.7516778523489933
        ],
        [
          5,
          0.7574304889741131
        ],
        [
          6,
          0.7603068072866731
        ],
        [
          7,
          0.7612655800575263
        ],
        [
          8,
          0.763183125599233
        ],
        [
          9,
          0.763183125599233
        ],
        [
          10,
          0.7641418983700863
        ]
      ]
    },
    "metrics_centralized": {
      "teacher_loss": [
        [
          0,
          0.02823538168879049
        ],
        [
          1,
          0.016930633886205613
        ],
        [
          2,
          0.01649543825869135
        ],
        [
          3,
          0.015435020266991905
        ],
        [
          4,
          0.01584781044853042
        ],
        [
          5,
          0.016730437971372962
        ],
        [
          6,
          0.017366532154188402
        ],
        [
          7,
          0.01764234747605493
        ],
        [
          8,
          0.019961636363459913
        ],
        [
          9,
          0.0202956386946306
        ],
        [
          10,
          0.020579355135774337
        ]
      ],
      "teacher_accuracy": [
        [
          0,
          0.7785234899328859
        ],
        [
          1,
          0.7698945349952061
        ],
        [
          2,
          0.7545541706615532
        ],
        [
          3,
          0.7746883988494727
        ],
        [
          4,
          0.7679769894534996
        ],
        [
          5,
          0.763183125599233
        ],
        [
          6,
          0.7660594439117929
        ],
        [
          7,
          0.7746883988494727
        ],
        [
          8,
          0.7708533077660594
        ],
        [
          9,
          0.7622243528283796
        ],
        [
          10,
          0.7746883988494727
        ]
      ],
      "student_loss": [
        [
          0,
          0.02120088176553567
        ],
        [
          1,
          0.019073703659346554
        ],
        [
          2,
          0.01811794655206448
        ],
        [
          3,
          0.01724544338960547
        ],
        [
          4,
          0.01707840284416568
        ],
        [
          5,
          0.016946248131538968
        ],
        [
          6,
          0.01671926732945648
        ],
        [
          7,
          0.016463249707496293
        ],
        [
          8,
          0.016353429935351084
        ],
        [
          9,
          0.016212699883050453
        ],
        [
          10,
          0.01613995861458527
        ]
      ],
      "student_accuracy": [
        [
          0,
          0.6768935762224353
        ],
        [
          1,
          0.6912751677852349
        ],
        [
          2,
          0.7018216682646213
        ],
        [
          3,
          0.7449664429530202
        ],
        [
          4,
          0.7516778523489933
        ],
        [
          5,
          0.7574304889741131
        ],
        [
          6,
          0.7603068072866731
        ],
        [
          7,
          0.7612655800575263
        ],
        [
          8,
          0.763183125599233
        ],
        [
          9,
          0.763183125599233
        ],
        [
          10,
          0.7641418983700863
        ]
      ]
    }
  },
  "elapsed_time_secs": 146.57994196610525
}