{
  "config": {
    "num_clients": 4,
    "num_rounds": 10,
    "lora_r": 16,
    "client_epochs": 1,
    "teacher_pretrain_epochs": 1,
    "kd_epochs": 1,
    "teacher_ckpt": "bert-base-uncased",
    "client_ckpt": "distilbert-base-uncased",
    "client_lr": 5e-05,
    "distill_lr": 5e-05,
    "rank": 0,
    "data_path": "glue",
    "data_name": "sst2"
  },
  "results": {
    "losses_distributed": [
      [
        1,
        0.01057566050440073
      ],
      [
        2,
        0.009673886932432652
      ],
      [
        3,
        0.009344527497887611
      ],
      [
        4,
        0.009028563275933266
      ],
      [
        5,
        0.008900678716599941
      ],
      [
        6,
        0.009058094583451748
      ],
      [
        7,
        0.009328009560704231
      ],
      [
        8,
        0.009356038644909859
      ],
      [
        9,
        0.009402626194059849
      ],
      [
        10,
        0.009500286541879177
      ]
    ],
    "losses_centralized": [
      [
        0,
        0.022341808184571224
      ],
      [
        1,
        0.009512476033505496
      ],
      [
        2,
        0.011429908290214905
      ],
      [
        3,
        0.010473664985636438
      ],
      [
        4,
        0.010802940135488475
      ],
      [
        5,
        0.011331837334875187
      ],
      [
        6,
        0.012113226516227829
      ],
      [
        7,
        0.012526274650195323
      ],
      [
        8,
        0.013219127734832536
      ],
      [
        9,
        0.01603992461491752
      ],
      [
        10,
        0.017224396566151205
      ]
    ],
    "metrics_distributed_fit": {},
    "metrics_distributed": {
      "accuracy": [
        [
          1,
          0.8509174311926605
        ],
        [
          2,
          0.8704128440366973
        ],
        [
          3,
          0.8784403669724771
        ],
        [
          4,
          0.8841743119266054
        ],
        [
          5,
          0.8899082568807339
        ],
        [
          6,
          0.8887614678899082
        ],
        [
          7,
          0.8899082568807339
        ],
        [
          8,
          0.8864678899082569
        ],
        [
          9,
          0.8864678899082569
        ],
        [
          10,
          0.893348623853211
        ]
      ]
    },
    "metrics_centralized": {
      "teacher_loss": [
        [
          0,
          0.022574158163245664
        ],
        [
          1,
          0.008449291109765342
        ],
        [
          2,
          0.013185929622364426
        ],
        [
          3,
          0.011602802934774429
        ],
        [
          4,
          0.01257731745643285
        ],
        [
          5,
          0.013762996004415898
        ],
        [
          6,
          0.015168358346472982
        ],
        [
          7,
          0.015724539936204023
        ],
        [
          8,
          0.017082216833299455
        ],
        [
          9,
          0.022677222659828467
        ],
        [
          10,
          0.024948506906560256
        ]
      ],
      "teacher_accuracy": [
        [
          0,
          0.4908256880733945
        ],
        [
          1,
          0.9105504587155964
        ],
        [
          2,
          0.9002293577981652
        ],
        [
          3,
          0.8956422018348624
        ],
        [
          4,
          0.893348623853211
        ],
        [
          5,
          0.8910550458715596
        ],
        [
          6,
          0.8864678899082569
        ],
        [
          7,
          0.8795871559633027
        ],
        [
          8,
          0.875
        ],
        [
          9,
          0.8738532110091743
        ],
        [
          10,
          0.8646788990825688
        ]
      ],
      "student_loss": [
        [
          0,
          0.02210945820589678
        ],
        [
          1,
          0.010575660957245651
        ],
        [
          2,
          0.009673886958065384
        ],
        [
          3,
          0.009344527036498447
        ],
        [
          4,
          0.009028562814544101
        ],
        [
          5,
          0.008900678665334479
        ],
        [
          6,
          0.009058094685982674
        ],
        [
          7,
          0.009328009364186624
        ],
        [
          8,
          0.009356038636365615
        ],
        [
          9,
          0.009402626570006576
        ],
        [
          10,
          0.009500286225742156
        ]
      ],
      "student_accuracy": [
        [
          0,
          0.49770642201834864
        ],
        [
          1,
          0.8509174311926605
        ],
        [
          2,
          0.8704128440366973
        ],
        [
          3,
          0.8784403669724771
        ],
        [
          4,
          0.8841743119266054
        ],
        [
          5,
          0.8899082568807339
        ],
        [
          6,
          0.8887614678899083
        ],
        [
          7,
          0.8899082568807339
        ],
        [
          8,
          0.8864678899082569
        ],
        [
          9,
          0.8864678899082569
        ],
        [
          10,
          0.893348623853211
        ]
      ]
    }
  },
  "elapsed_time_secs": 944.11963372631
}