{
  "config": {
    "num_clients": 4,
    "num_rounds": 10,
    "lora_r": 8,
    "client_epochs": 2,
    "teacher_pretrain_epochs": 1,
    "kd_epochs": 1,
    "teacher_ckpt": "results/model/bert-base-uncased_cola_30pct_5epochs/",
    "client_ckpt": "distilbert-base-uncased",
    "teacher_data_pct": 30,
    "client_lr": 5e-05,
    "distill_lr": 2e-05,
    "rank": 0,
    "data_path": "glue",
    "data_name": "cola"
  },
  "results": {
    "losses_distributed": [
      [
        1,
        0.01917898841202259
      ],
      [
        2,
        0.01836567372083664
      ],
      [
        3,
        0.01743718422949314
      ],
      [
        4,
        0.017187995836138725
      ],
      [
        5,
        0.017048263922333717
      ],
      [
        6,
        0.016812987625598907
      ],
      [
        7,
        0.016764787957072258
      ],
      [
        8,
        0.0165147352963686
      ],
      [
        9,
        0.016290804371237755
      ],
      [
        10,
        0.01611252687871456
      ]
    ],
    "losses_centralized": [
      [
        0,
        0.02535325943823629
      ],
      [
        1,
        0.017708497916634907
      ],
      [
        2,
        0.01682298668336091
      ],
      [
        3,
        0.01631523676623777
      ],
      [
        4,
        0.016196742853862328
      ],
      [
        5,
        0.016523601992675465
      ],
      [
        6,
        0.016947045786554496
      ],
      [
        7,
        0.017371578797455146
      ],
      [
        8,
        0.01790625834882202
      ],
      [
        9,
        0.01865871061150374
      ],
      [
        10,
        0.01929490727194775
      ]
    ],
    "metrics_distributed_fit": {},
    "metrics_distributed": {
      "accuracy": [
        [
          1,
          0.6912751677852349
        ],
        [
          2,
          0.700862895493768
        ],
        [
          3,
          0.7392138063279002
        ],
        [
          4,
          0.7459252157238735
        ],
        [
          5,
          0.75071907957814
        ],
        [
          6,
          0.7583892617449665
        ],
        [
          7,
          0.7612655800575263
        ],
        [
          8,
          0.7641418983700863
        ],
        [
          9,
          0.7622243528283796
        ],
        [
          10,
          0.7641418983700863
        ]
      ]
    },
    "metrics_centralized": {
      "teacher_loss": [
        [
          0,
          0.029624810111945565
        ],
        [
          1,
          0.01623800751232575
        ],
        [
          2,
          0.015280299595881286
        ],
        [
          3,
          0.015193289372630682
        ],
        [
          4,
          0.015205490451988301
        ],
        [
          5,
          0.01599893917544805
        ],
        [
          6,
          0.0170811032831726
        ],
        [
          7,
          0.017978369361030748
        ],
        [
          8,
          0.019297781949532456
        ],
        [
          9,
          0.02102661618207468
        ],
        [
          10,
          0.022477287666966793
        ]
      ],
      "teacher_accuracy": [
        [
          0,
          0.7804410354745925
        ],
        [
          1,
          0.7612655800575263
        ],
        [
          2,
          0.7718120805369127
        ],
        [
          3,
          0.7766059443911792
        ],
        [
          4,
          0.7900287631831256
        ],
        [
          5,
          0.7861936720997124
        ],
        [
          6,
          0.7823585810162992
        ],
        [
          7,
          0.7890699904122723
        ],
        [
          8,
          0.7804410354745925
        ],
        [
          9,
          0.7890699904122723
        ],
        [
          10,
          0.7775647171620326
        ]
      ],
      "student_loss": [
        [
          0,
          0.021081708764527012
        ],
        [
          1,
          0.019178988320944064
        ],
        [
          2,
          0.018365673770840536
        ],
        [
          3,
          0.017437184159844858
        ],
        [
          4,
          0.017187995255736353
        ],
        [
          5,
          0.01704826480990288
        ],
        [
          6,
          0.016812988289936392
        ],
        [
          7,
          0.016764788233879543
        ],
        [
          8,
          0.01651473474811159
        ],
        [
          9,
          0.016290805040932797
        ],
        [
          10,
          0.01611252687692871
        ]
      ],
      "student_accuracy": [
        [
          0,
          0.6922339405560882
        ],
        [
          1,
          0.6912751677852349
        ],
        [
          2,
          0.700862895493768
        ],
        [
          3,
          0.7392138063279002
        ],
        [
          4,
          0.7459252157238735
        ],
        [
          5,
          0.75071907957814
        ],
        [
          6,
          0.7583892617449665
        ],
        [
          7,
          0.7612655800575263
        ],
        [
          8,
          0.7641418983700863
        ],
        [
          9,
          0.7622243528283796
        ],
        [
          10,
          0.7641418983700863
        ]
      ]
    }
  },
  "elapsed_time_secs": 183.9167213961482
}