{
  "config": {
    "num_clients": 4,
    "num_rounds": 10,
    "lora_r": 8,
    "client_epochs": 2,
    "teacher_pretrain_epochs": 1,
    "kd_epochs": 1,
    "teacher_ckpt": "results/model/bert-base-uncased_cola_50pct_5epochs/",
    "client_ckpt": "distilbert-base-uncased",
    "teacher_data_pct": 50,
    "client_lr": 5e-05,
    "distill_lr": 2e-05,
    "rank": 0,
    "data_path": "glue",
    "data_name": "cola"
  },
  "results": {
    "losses_distributed": [
      [
        1,
        0.0193654615432024
      ],
      [
        2,
        0.018855193629860878
      ],
      [
        3,
        0.018061546608805656
      ],
      [
        4,
        0.01751086115837097
      ],
      [
        5,
        0.017285959795117378
      ],
      [
        6,
        0.017091715708374977
      ],
      [
        7,
        0.01682373508810997
      ],
      [
        8,
        0.016748925670981407
      ],
      [
        9,
        0.016557177528738976
      ],
      [
        10,
        0.016361044719815254
      ]
    ],
    "losses_centralized": [
      [
        0,
        0.024245552276417413
      ],
      [
        1,
        0.017680245343585026
      ],
      [
        2,
        0.016900296229244077
      ],
      [
        3,
        0.0161587974111963
      ],
      [
        4,
        0.01599657676992572
      ],
      [
        5,
        0.01636865145722377
      ],
      [
        6,
        0.016848893387891417
      ],
      [
        7,
        0.017477203499836523
      ],
      [
        8,
        0.018426413345128324
      ],
      [
        9,
        0.018655684616770293
      ],
      [
        10,
        0.019919443100490826
      ]
    ],
    "metrics_distributed_fit": {},
    "metrics_distributed": {
      "accuracy": [
        [
          1,
          0.6912751677852349
        ],
        [
          2,
          0.6912751677852349
        ],
        [
          3,
          0.7056567593480345
        ],
        [
          4,
          0.7344199424736337
        ],
        [
          5,
          0.7449664429530202
        ],
        [
          6,
          0.7535953978907
        ],
        [
          7,
          0.7545541706615532
        ],
        [
          8,
          0.7583892617449665
        ],
        [
          9,
          0.7603068072866731
        ],
        [
          10,
          0.7622243528283796
        ]
      ]
    },
    "metrics_centralized": {
      "teacher_loss": [
        [
          0,
          0.027446813275546465
        ],
        [
          1,
          0.01599502894930963
        ],
        [
          2,
          0.01494539796963177
        ],
        [
          3,
          0.014256047922492828
        ],
        [
          4,
          0.014482292724364328
        ],
        [
          5,
          0.0154513422817649
        ],
        [
          6,
          0.016606070522722553
        ],
        [
          7,
          0.018130671543677267
        ],
        [
          8,
          0.02010390029243289
        ],
        [
          9,
          0.020754190777943667
        ],
        [
          10,
          0.023477841100779613
        ]
      ],
      "teacher_accuracy": [
        [
          0,
          0.8044103547459253
        ],
        [
          1,
          0.7967401725790988
        ],
        [
          2,
          0.8034515819750719
        ],
        [
          3,
          0.800575263662512
        ],
        [
          4,
          0.7929050814956855
        ],
        [
          5,
          0.8015340364333653
        ],
        [
          6,
          0.8034515819750719
        ],
        [
          7,
          0.8111217641418984
        ],
        [
          8,
          0.8044103547459253
        ],
        [
          9,
          0.8034515819750719
        ],
        [
          10,
          0.8044103547459253
        ]
      ],
      "student_loss": [
        [
          0,
          0.021044291277288362
        ],
        [
          1,
          0.019365461737860426
        ],
        [
          2,
          0.018855194488856388
        ],
        [
          3,
          0.01806154689989977
        ],
        [
          4,
          0.017510860815487108
        ],
        [
          5,
          0.017285960632682645
        ],
        [
          6,
          0.01709171625306028
        ],
        [
          7,
          0.016823735455995782
        ],
        [
          8,
          0.01674892639782376
        ],
        [
          9,
          0.016557178455596917
        ],
        [
          10,
          0.01636104510020204
        ]
      ],
      "student_accuracy": [
        [
          0,
          0.6912751677852349
        ],
        [
          1,
          0.6912751677852349
        ],
        [
          2,
          0.6912751677852349
        ],
        [
          3,
          0.7056567593480345
        ],
        [
          4,
          0.7344199424736337
        ],
        [
          5,
          0.7449664429530202
        ],
        [
          6,
          0.7535953978907
        ],
        [
          7,
          0.7545541706615532
        ],
        [
          8,
          0.7583892617449665
        ],
        [
          9,
          0.7603068072866731
        ],
        [
          10,
          0.7622243528283796
        ]
      ]
    }
  },
  "elapsed_time_secs": 248.61494641611353
}