{
  "config": {
    "num_clients": 4,
    "num_rounds": 10,
    "lora_r": 8,
    "client_epochs": 2,
    "teacher_pretrain_epochs": 1,
    "kd_epochs": 1,
    "teacher_ckpt": "results/model/bert-base-uncased_cola_40pct_5epochs/",
    "client_ckpt": "distilbert-base-uncased",
    "teacher_data_pct": 40,
    "client_lr": 5e-05,
    "distill_lr": 2e-05,
    "rank": 0,
    "data_path": "glue",
    "data_name": "cola"
  },
  "results": {
    "losses_distributed": [
      [
        1,
        0.01923002302646637
      ],
      [
        2,
        0.01861678995192051
      ],
      [
        3,
        0.017575737088918686
      ],
      [
        4,
        0.01716875284910202
      ],
      [
        5,
        0.017026415094733238
      ],
      [
        6,
        0.016809536144137383
      ],
      [
        7,
        0.016499055549502373
      ],
      [
        8,
        0.016366958618164062
      ],
      [
        9,
        0.01626657322049141
      ],
      [
        10,
        0.016104256734251976
      ]
    ],
    "losses_centralized": [
      [
        0,
        0.024768075329802523
      ],
      [
        1,
        0.017804696498758384
      ],
      [
        2,
        0.017108148490708262
      ],
      [
        3,
        0.016306851377080295
      ],
      [
        4,
        0.016113252990654994
      ],
      [
        5,
        0.015940704594579663
      ],
      [
        6,
        0.01606832975066291
      ],
      [
        7,
        0.01616873901448108
      ],
      [
        8,
        0.01667556706690948
      ],
      [
        9,
        0.017055527822311865
      ],
      [
        10,
        0.017102527870570712
      ]
    ],
    "metrics_distributed_fit": {},
    "metrics_distributed": {
      "accuracy": [
        [
          1,
          0.6912751677852349
        ],
        [
          2,
          0.6951102588686481
        ],
        [
          3,
          0.7277085330776606
        ],
        [
          4,
          0.7440076701821668
        ],
        [
          5,
          0.7535953978907
        ],
        [
          6,
          0.7545541706615532
        ],
        [
          7,
          0.7641418983700863
        ],
        [
          8,
          0.7660594439117929
        ],
        [
          9,
          0.7670182166826462
        ],
        [
          10,
          0.7651006711409396
        ]
      ]
    },
    "metrics_centralized": {
      "teacher_loss": [
        [
          0,
          0.02754007287016308
        ],
        [
          1,
          0.016379370156779156
        ],
        [
          2,
          0.0155995068419814
        ],
        [
          3,
          0.015037965083053677
        ],
        [
          4,
          0.015057753282219657
        ],
        [
          5,
          0.014854995010568906
        ],
        [
          6,
          0.015327123480412326
        ],
        [
          7,
          0.01583842317415678
        ],
        [
          8,
          0.016984175572802213
        ],
        [
          9,
          0.01784448214911089
        ],
        [
          10,
          0.018100798422915367
        ]
      ],
      "teacher_accuracy": [
        [
          0,
          0.7909875359539789
        ],
        [
          1,
          0.7344199424736337
        ],
        [
          2,
          0.7698945349952061
        ],
        [
          3,
          0.7766059443911792
        ],
        [
          4,
          0.7842761265580057
        ],
        [
          5,
          0.7929050814956855
        ],
        [
          6,
          0.7938638542665388
        ],
        [
          7,
          0.7986577181208053
        ],
        [
          8,
          0.7929050814956855
        ],
        [
          9,
          0.7938638542665388
        ],
        [
          10,
          0.7976989453499521
        ]
      ],
      "student_loss": [
        [
          0,
          0.021996077789441966
        ],
        [
          1,
          0.01923002284073761
        ],
        [
          2,
          0.01861679013943512
        ],
        [
          3,
          0.01757573767110691
        ],
        [
          4,
          0.01716875269909033
        ],
        [
          5,
          0.017026414178590417
        ],
        [
          6,
          0.016809536020913493
        ],
        [
          7,
          0.016499054854805382
        ],
        [
          8,
          0.01636695856101675
        ],
        [
          9,
          0.016266573495512842
        ],
        [
          10,
          0.016104257318226053
        ]
      ],
      "student_accuracy": [
        [
          0,
          0.4458293384467881
        ],
        [
          1,
          0.6912751677852349
        ],
        [
          2,
          0.6951102588686481
        ],
        [
          3,
          0.7277085330776606
        ],
        [
          4,
          0.7440076701821668
        ],
        [
          5,
          0.7535953978907
        ],
        [
          6,
          0.7545541706615532
        ],
        [
          7,
          0.7641418983700863
        ],
        [
          8,
          0.7660594439117929
        ],
        [
          9,
          0.7670182166826462
        ],
        [
          10,
          0.7651006711409396
        ]
      ]
    }
  },
  "elapsed_time_secs": 215.77448715409264
}