{
  "config": {
    "num_clients": 4,
    "num_rounds": 10,
    "lora_r": 32,
    "client_epochs": 1,
    "teacher_pretrain_epochs": 1,
    "kd_epochs": 1,
    "teacher_ckpt": "bert-base-uncased",
    "client_ckpt": "distilbert-base-uncased",
    "client_lr": 5e-05,
    "distill_lr": 5e-05,
    "rank": 0,
    "data_path": "glue",
    "data_name": "sst2"
  },
  "results": {
    "losses_distributed": [
      [
        1,
        0.011299021542072296
      ],
      [
        2,
        0.010204815305769444
      ],
      [
        3,
        0.00965226348489523
      ],
      [
        4,
        0.009213902987539768
      ],
      [
        5,
        0.009041556157171726
      ],
      [
        6,
        0.008933632634580135
      ],
      [
        7,
        0.008806814439594746
      ],
      [
        8,
        0.008738418109714985
      ],
      [
        9,
        0.00876908004283905
      ],
      [
        10,
        0.008612585254013538
      ]
    ],
    "losses_centralized": [],
    "metrics_distributed_fit": {},
    "metrics_distributed": {
      "accuracy": [
        [
          1,
          0.8325688073394495
        ],
        [
          2,
          0.8520642201834863
        ],
        [
          3,
          0.8623853211009175
        ],
        [
          4,
          0.8681192660550459
        ],
        [
          5,
          0.8807339449541285
        ],
        [
          6,
          0.8818807339449541
        ],
        [
          7,
          0.8830275229357797
        ],
        [
          8,
          0.8864678899082569
        ],
        [
          9,
          0.8853211009174312
        ],
        [
          10,
          0.8899082568807339
        ]
      ]
    },
    "metrics_centralized": {}
  },
  "elapsed_time_secs": 148.79287154693156
}