{
  "config": {
    "num_clients": 4,
    "num_rounds": 10,
    "lora_r": 16,
    "client_epochs": 1,
    "teacher_pretrain_epochs": 1,
    "kd_epochs": 1,
    "teacher_ckpt": "bert-base-uncased",
    "client_ckpt": "distilbert-base-uncased",
    "client_lr": 5e-05,
    "distill_lr": 5e-05,
    "rank": 0,
    "data_path": "glue",
    "data_name": "sst2"
  },
  "results": {
    "losses_distributed": [
      [
        1,
        0.011115516535937786
      ],
      [
        2,
        0.0102539686486125
      ],
      [
        3,
        0.00960735883563757
      ],
      [
        4,
        0.009206798858940601
      ],
      [
        5,
        0.009084918536245823
      ],
      [
        6,
        0.008865714073181152
      ],
      [
        7,
        0.009201464243233204
      ],
      [
        8,
        0.008704284206032753
      ],
      [
        9,
        0.008625485002994537
      ],
      [
        10,
        0.008638648316264153
      ]
    ],
    "losses_centralized": [],
    "metrics_distributed_fit": {},
    "metrics_distributed": {
      "accuracy": [
        [
          1,
          0.8440366972477065
        ],
        [
          2,
          0.8520642201834863
        ],
        [
          3,
          0.8646788990825688
        ],
        [
          4,
          0.8681192660550459
        ],
        [
          5,
          0.8772935779816514
        ],
        [
          6,
          0.8853211009174312
        ],
        [
          7,
          0.8795871559633027
        ],
        [
          8,
          0.8876146788990825
        ],
        [
          9,
          0.8853211009174312
        ],
        [
          10,
          0.8864678899082569
        ]
      ]
    },
    "metrics_centralized": {}
  },
  "elapsed_time_secs": 147.18170166620985
}