{
  "config": {
    "num_clients": 4,
    "num_rounds": 10,
    "lora_r": 8,
    "client_epochs": 1,
    "client_ckpt": "distilbert-base-uncased",
    "client_lr": 5e-05,
    "data_path": "glue",
    "data_name": "sst2"
  },
  "results": {
    "losses_distributed": [
      [
        1,
        0.011097312904894352
      ],
      [
        2,
        0.010203621350228786
      ],
      [
        3,
        0.009586517699062824
      ],
      [
        4,
        0.009288445115089417
      ],
      [
        5,
        0.00901851337403059
      ],
      [
        6,
        0.008922810666263103
      ],
      [
        7,
        0.008826913312077522
      ],
      [
        8,
        0.008730681613087654
      ],
      [
        9,
        0.008552420884370804
      ],
      [
        10,
        0.00881153903901577
      ]
    ],
    "losses_centralized": [],
    "metrics_distributed_fit": {},
    "metrics_distributed": {
      "accuracy": [
        [
          1,
          0.8463302752293578
        ],
        [
          2,
          0.8532110091743119
        ],
        [
          3,
          0.8658256880733946
        ],
        [
          4,
          0.8681192660550459
        ],
        [
          5,
          0.8807339449541285
        ],
        [
          6,
          0.8818807339449541
        ],
        [
          7,
          0.8841743119266054
        ],
        [
          8,
          0.8864678899082569
        ],
        [
          9,
          0.8899082568807339
        ],
        [
          10,
          0.8807339449541285
        ]
      ]
    },
    "metrics_centralized": {}
  },
  "elapsed_time_secs": 149.13175780093297
}
