{
  "config": {
    "num_clients": 4,
    "num_rounds": 10,
    "lora_r": 8,
    "client_epochs": 1,
    "client_ckpt": "distilbert-base-uncased",
    "client_lr": 5e-05,
    "data_path": "glue",
    "data_name": "cola"
  },
  "results": {
    "losses_distributed": [
      [
        1,
        0.019455784931778908
      ],
      [
        2,
        0.01913423091173172
      ],
      [
        3,
        0.01887049525976181
      ],
      [
        4,
        0.018719319254159927
      ],
      [
        5,
        0.018197819590568542
      ],
      [
        6,
        0.01782965287566185
      ],
      [
        7,
        0.017692765220999718
      ],
      [
        8,
        0.01779908500611782
      ],
      [
        9,
        0.017801975831389427
      ],
      [
        10,
        0.017288435250520706
      ]
    ],
    "losses_centralized": [],
    "metrics_distributed_fit": {},
    "metrics_distributed": {
      "accuracy": [
        [
          1,
          0.6912751677852349
        ],
        [
          2,
          0.6912751677852349
        ],
        [
          3,
          0.6912751677852349
        ],
        [
          4,
          0.6912751677852349
        ],
        [
          5,
          0.6989453499520614
        ],
        [
          6,
          0.7190795781399808
        ],
        [
          7,
          0.7315436241610739
        ],
        [
          8,
          0.738255033557047
        ],
        [
          9,
          0.7430488974113135
        ],
        [
          10,
          0.7564717162032598
        ]
      ]
    },
    "metrics_centralized": {}
  },
  "elapsed_time_secs": 54.61613090289757
}