{
  "config": {
    "num_clients": 4,
    "num_rounds": 10,
    "lora_r": 32,
    "client_epochs": 1,
    "teacher_pretrain_epochs": 1,
    "kd_epochs": 1,
    "teacher_ckpt": "bert-base-uncased",
    "client_ckpt": "distilbert-base-uncased",
    "client_lr": 5e-05,
    "distill_lr": 5e-05,
    "rank": 0,
    "data_path": "glue",
    "data_name": "cola"
  },
  "results": {
    "losses_distributed": [
      [
        1,
        0.01940501481294632
      ],
      [
        2,
        0.0191290695220232
      ],
      [
        3,
        0.018946222960948944
      ],
      [
        4,
        0.01862017996609211
      ],
      [
        5,
        0.0182147566229105
      ],
      [
        6,
        0.018268588930368423
      ],
      [
        7,
        0.01799028553068638
      ],
      [
        8,
        0.01804361864924431
      ],
      [
        9,
        0.018151039257645607
      ],
      [
        10,
        0.018223371356725693
      ]
    ],
    "losses_centralized": [],
    "metrics_distributed_fit": {},
    "metrics_distributed": {
      "accuracy": [
        [
          1,
          0.6912751677852349
        ],
        [
          2,
          0.6912751677852349
        ],
        [
          3,
          0.6912751677852349
        ],
        [
          4,
          0.6922339405560882
        ],
        [
          5,
          0.6960690316395014
        ],
        [
          6,
          0.7066155321188878
        ],
        [
          7,
          0.725790987535954
        ],
        [
          8,
          0.7344199424736337
        ],
        [
          9,
          0.7363374880153404
        ],
        [
          10,
          0.7363374880153404
        ]
      ]
    },
    "metrics_centralized": {}
  },
  "elapsed_time_secs": 44.86957739666104
}