{
  "config": {
    "num_clients": 4,
    "num_rounds": 10,
    "lora_r": 16,
    "client_epochs": 1,
    "teacher_pretrain_epochs": 1,
    "kd_epochs": 1,
    "teacher_ckpt": "bert-base-uncased",
    "client_ckpt": "distilbert-base-uncased",
    "client_lr": 5e-05,
    "distill_lr": 5e-05,
    "rank": 0,
    "data_path": "glue",
    "data_name": "cola"
  },
  "results": {
    "losses_distributed": [
      [
        1,
        0.01966792158782482
      ],
      [
        2,
        0.019175652414560318
      ],
      [
        3,
        0.018894420936703682
      ],
      [
        4,
        0.018610307946801186
      ],
      [
        5,
        0.018199043348431587
      ],
      [
        6,
        0.017984051257371902
      ],
      [
        7,
        0.018109019845724106
      ],
      [
        8,
        0.017982112243771553
      ],
      [
        9,
        0.017648374661803246
      ],
      [
        10,
        0.017426414415240288
      ]
    ],
    "losses_centralized": [],
    "metrics_distributed_fit": {},
    "metrics_distributed": {
      "accuracy": [
        [
          1,
          0.6912751677852349
        ],
        [
          2,
          0.6912751677852349
        ],
        [
          3,
          0.6912751677852349
        ],
        [
          4,
          0.6922339405560882
        ],
        [
          5,
          0.6999041227229147
        ],
        [
          6,
          0.7114093959731543
        ],
        [
          7,
          0.7229146692233941
        ],
        [
          8,
          0.7305848513902206
        ],
        [
          9,
          0.7411313518696069
        ],
        [
          10,
          0.75071907957814
        ]
      ]
    },
    "metrics_centralized": {}
  },
  "elapsed_time_secs": 44.02257755724713
}